-- MySQL dump 10.13  Distrib 8.0.43, for Win64 (x86_64)
--
-- Host: localhost    Database: parking_management
-- ------------------------------------------------------
-- Server version	8.0.43

/*!40101 SET @OLD_CHARACTER_SET_CLIENT=@@CHARACTER_SET_CLIENT */;
/*!40101 SET @OLD_CHARACTER_SET_RESULTS=@@CHARACTER_SET_RESULTS */;
/*!40101 SET @OLD_COLLATION_CONNECTION=@@COLLATION_CONNECTION */;
/*!50503 SET NAMES utf8 */;
/*!40103 SET @OLD_TIME_ZONE=@@TIME_ZONE */;
/*!40103 SET TIME_ZONE='+00:00' */;
/*!40014 SET @OLD_UNIQUE_CHECKS=@@UNIQUE_CHECKS, UNIQUE_CHECKS=0 */;
/*!40014 SET @OLD_FOREIGN_KEY_CHECKS=@@FOREIGN_KEY_CHECKS, FOREIGN_KEY_CHECKS=0 */;
/*!40101 SET @OLD_SQL_MODE=@@SQL_MODE, SQL_MODE='NO_AUTO_VALUE_ON_ZERO' */;
/*!40111 SET @OLD_SQL_NOTES=@@SQL_NOTES, SQL_NOTES=0 */;

--
-- Table structure for table `cameras`
--

DROP TABLE IF EXISTS `cameras`;
/*!40101 SET @saved_cs_client     = @@character_set_client */;
/*!50503 SET character_set_client = utf8mb4 */;
CREATE TABLE `cameras` (
  `id` int NOT NULL AUTO_INCREMENT,
  `pole_id` int NOT NULL,
  `api_code` varchar(100) CHARACTER SET utf8mb4 COLLATE utf8mb4_general_ci NOT NULL,
  `p_ip` varchar(45) CHARACTER SET utf8mb4 COLLATE utf8mb4_general_ci NOT NULL,
  `number_of_parking` int DEFAULT '0',
  `vpn_ip` varchar(45) CHARACTER SET utf8mb4 COLLATE utf8mb4_general_ci DEFAULT NULL,
  `portal_id` int DEFAULT NULL,
  `status` varchar(45) CHARACTER SET utf8mb4 COLLATE utf8mb4_general_ci DEFAULT NULL,
  `name` varchar(255) CHARACTER SET utf8mb4 COLLATE utf8mb4_general_ci DEFAULT NULL,
  PRIMARY KEY (`id`),
  KEY `pole_id` (`pole_id`),
  CONSTRAINT `cameras_ibfk_1` FOREIGN KEY (`pole_id`) REFERENCES `poles` (`id`) ON DELETE CASCADE
) ENGINE=InnoDB AUTO_INCREMENT=53 DEFAULT CHARSET=utf8mb4 COLLATE=utf8mb4_general_ci;
/*!40101 SET character_set_client = @saved_cs_client */;

--
-- Dumping data for table `cameras`
--

LOCK TABLES `cameras` WRITE;
/*!40000 ALTER TABLE `cameras` DISABLE KEYS */;
INSERT INTO `cameras` VALUES (4,1,'56','11.1.4.16',4,'11.1.4.16',1038,'ONLINE',NULL),(5,1,'57','11.1.4.17',5,'11.1.4.17',1039,'ONLINE',NULL),(6,1,'58','11.1.4.18',4,'11.1.4.18',1040,'ONLINE',NULL),(7,1,'59','11.1.4.19',5,'11.1.4.19',1041,'ONLINE',NULL),(8,1,'60','11.1.4.20',3,'11.1.4.20',1042,'ONLINE',NULL),(9,1,'66','11.1.4.21',4,'11.1.4.21',1043,'ONLINE',NULL),(10,1,'67','11.1.4.22',4,'11.1.4.22',1044,'ONLINE',NULL),(13,1,'70','11.1.4.24',6,'11.1.4.24',1047,'ONLINE',NULL),(14,1,'71','11.1.4.25',4,'11.1.4.25',1048,'ONLINE',NULL),(16,1,'73','11.1.4.26',4,'11.1.4.26',1050,'ONLINE',NULL),(17,1,'74','11.1.4.27',3,'11.1.4.27',1051,'ONLINE',NULL),(18,1,'75','11.1.4.28',5,'11.1.4.28',1052,'ONLINE',NULL),(19,1,'76','11.1.4.29',4,'11.1.4.29',1053,'ONLINE',NULL),(20,1,'82','11.1.4.30',3,'11.1.4.30',1054,'ONLINE',NULL),(21,1,'83','11.1.4.31',5,'11.1.4.31',1055,'ONLINE',NULL),(22,1,'84','11.1.4.32',4,'11.1.4.32',1056,'ONLINE',NULL),(24,1,'86','11.1.4.33',3,'11.1.4.33',1058,'ONLINE',NULL),(25,1,'87','11.1.4.34',6,'11.1.4.34',1059,'ONLINE',NULL),(26,1,'88','11.1.4.35',3,'11.1.4.35',1060,'ONLINE',NULL),(28,1,'90','11.1.4.37',3,'11.1.4.37',1061,'ONLINE',NULL),(29,1,'91','11.1.4.38',2,'11.1.4.38',1062,'ONLINE',NULL),(30,1,'92','11.1.4.39',2,'11.1.4.39',1063,'ONLINE',NULL),(31,1,'95','11.1.4.41',5,'11.1.4.41',1064,'ONLINE',NULL),(32,1,'98','11.1.4.44',4,'11.1.4.44',1065,'ONLINE',NULL),(33,1,'100','11.1.4.46',4,'11.1.4.46',1066,'ONLINE',NULL),(34,1,'101','11.1.4.47',5,'11.1.4.47',1067,'ONLINE',NULL),(35,1,'102','11.1.4.49',5,'11.1.4.49',1068,'ONLINE',NULL),(36,1,'103','11.1.4.50',3,'11.1.4.50',1069,'ONLINE',NULL),(38,1,'119','11.1.4.55',5,'11.1.4.55',1071,'ONLINE',NULL),(39,1,'120','11.1.4.56',4,'11.1.4.56',1072,'ONLINE',NULL),(40,1,'51','11.1.4.12',6,'11.1.4.12',1073,'ONLINE',NULL),(41,1,'52','192.168.169.52',5,'192.168.169.52',1045,'OFFLINE',NULL),(42,1,'53','11.1.4.13',4,'11.1.4.13',1074,'ONLINE',NULL),(43,1,'54','11.1.4.14',4,'11.1.4.14',1075,'ONLINE',NULL),(44,1,'55','11.1.4.15',6,'11.1.4.15',1076,'ONLINE',NULL),(45,1,'89','11.1.4.36',4,'11.1.4.36',1077,'ONLINE',NULL),(46,1,'96','11.1.4.42',3,'11.1.4.42',1046,'ONLINE',NULL),(47,1,'97','11.1.4.43',4,'11.1.4.43',1049,'ONLINE',NULL),(48,1,'99','11.1.4.45',4,'11.1.4.45',1049,'ONLINE',NULL),(49,1,'116','11.1.4.52',4,'11.1.4.52',1057,'ONLINE',NULL),(50,1,'118','11.1.4.53',5,'11.1.4.53',1070,'ONLINE',NULL),(51,1,'117','11.1.4.54',4,'11.1.4.54',1122,'ONLINE',NULL),(52,1,'121','11.1.4.57',4,'11.1.4.57',1123,'ONLINE',NULL);
/*!40000 ALTER TABLE `cameras` ENABLE KEYS */;
UNLOCK TABLES;

--
-- Table structure for table `crop_zones`
--

DROP TABLE IF EXISTS `crop_zones`;
/*!40101 SET @saved_cs_client     = @@character_set_client */;
/*!50503 SET character_set_client = utf8mb4 */;
CREATE TABLE `crop_zones` (
  `id` int NOT NULL AUTO_INCREMENT,
  `camera_id` int NOT NULL,
  `points` longtext CHARACTER SET utf8mb4 COLLATE utf8mb4_bin NOT NULL,
  `created_at` timestamp NOT NULL DEFAULT CURRENT_TIMESTAMP,
  `updated_at` timestamp NULL DEFAULT CURRENT_TIMESTAMP ON UPDATE CURRENT_TIMESTAMP,
  PRIMARY KEY (`id`),
  KEY `camera_id` (`camera_id`),
  CONSTRAINT `crop_zones_ibfk_1` FOREIGN KEY (`camera_id`) REFERENCES `cameras` (`id`) ON DELETE CASCADE,
  CONSTRAINT `crop_zones_chk_1` CHECK (json_valid(`points`))
) ENGINE=InnoDB AUTO_INCREMENT=48 DEFAULT CHARSET=utf8mb4 COLLATE=utf8mb4_general_ci;
/*!40101 SET character_set_client = @saved_cs_client */;

--
-- Dumping data for table `crop_zones`
--

LOCK TABLES `crop_zones` WRITE;
/*!40000 ALTER TABLE `crop_zones` DISABLE KEYS */;
INSERT INTO `crop_zones` VALUES (7,4,'[{\"x\": 3824, \"y\": 1604}, {\"x\": 10, \"y\": 1016}, {\"x\": 12, \"y\": 2135}, {\"x\": 3827, \"y\": 2137}]','2025-07-02 02:19:22','2025-07-02 02:19:22'),(8,5,'[{\"x\": 7, \"y\": 1340}, {\"x\": 3829, \"y\": 1222}, {\"x\": 3827, \"y\": 2132}, {\"x\": 21, \"y\": 2132}]','2025-07-02 02:20:00','2025-07-02 02:20:00'),(9,6,'[{\"x\": 17, \"y\": 1405}, {\"x\": 3815, \"y\": 1167}, {\"x\": 3827, \"y\": 2141}, {\"x\": 21, \"y\": 2141}]','2025-07-02 02:20:26','2025-07-02 02:20:26'),(10,7,'[{\"x\": 308, \"y\": 567}, {\"x\": 3753, \"y\": 1317}, {\"x\": 3570, \"y\": 2151}, {\"x\": 3, \"y\": 1058}]','2025-07-02 02:21:02','2025-07-02 02:21:02'),(11,8,'[{\"x\": 17, \"y\": 787}, {\"x\": 3829, \"y\": 1190}, {\"x\": 3817, \"y\": 2151}, {\"x\": 2315, \"y\": 2155}, {\"x\": 19, \"y\": 1350}]','2025-07-02 02:22:35','2025-07-02 02:22:35'),(12,9,'[{\"x\": 3, \"y\": 1350}, {\"x\": 3817, \"y\": 1232}, {\"x\": 3827, \"y\": 2153}, {\"x\": 21, \"y\": 2137}]','2025-07-02 02:24:07','2025-07-02 02:24:07'),(13,10,'[{\"x\": 5, \"y\": 567}, {\"x\": 3834, \"y\": 979}, {\"x\": 3815, \"y\": 2144}, {\"x\": 1486, \"y\": 2040}, {\"x\": 10, \"y\": 1653}]','2025-07-02 02:25:21','2025-07-02 02:25:21'),(14,13,'[{\"x\": 21, \"y\": 898}, {\"x\": 3829, \"y\": 1239}, {\"x\": 3815, \"y\": 2141}, {\"x\": 1440, \"y\": 2146}, {\"x\": 7, \"y\": 1732}]','2025-07-02 02:25:51','2025-07-02 02:25:51'),(15,14,'[{\"x\": 10, \"y\": 801}, {\"x\": 3836, \"y\": 1121}, {\"x\": 3827, \"y\": 2153}, {\"x\": 5, \"y\": 2148}]','2025-07-02 02:26:45','2025-07-02 02:26:45'),(16,16,'[{\"x\": 3, \"y\": 451}, {\"x\": 3827, \"y\": 1347}, {\"x\": 3824, \"y\": 2137}, {\"x\": 1561, \"y\": 2139}, {\"x\": 19, \"y\": 1396}]','2025-07-02 02:28:21','2025-07-02 02:28:21'),(17,18,'[{\"x\": 19, \"y\": 1276}, {\"x\": 3822, \"y\": 1607}, {\"x\": 3813, \"y\": 2148}, {\"x\": 429, \"y\": 2146}, {\"x\": 5, \"y\": 2012}]','2025-07-02 02:29:13','2025-07-02 02:29:13'),(18,19,'[{\"x\": 223, \"y\": 942}, {\"x\": 3836, \"y\": 1834}, {\"x\": 3813, \"y\": 2148}, {\"x\": 1049, \"y\": 2155}, {\"x\": 7, \"y\": 1486}]','2025-07-02 02:30:20','2025-07-02 02:30:20'),(19,20,'[{\"x\": 3, \"y\": 1505}, {\"x\": 3827, \"y\": 1431}, {\"x\": 3817, \"y\": 2144}, {\"x\": 10, \"y\": 2132}]','2025-07-02 02:31:13','2025-07-02 02:31:13'),(20,21,'[{\"x\": 5, \"y\": 655}, {\"x\": 3831, \"y\": 1171}, {\"x\": 3815, \"y\": 2141}, {\"x\": 1743, \"y\": 2005}, {\"x\": 12, \"y\": 1445}]','2025-07-02 02:32:18','2025-07-02 02:32:18'),(21,22,'[{\"x\": 0, \"y\": 718}, {\"x\": 3829, \"y\": 688}, {\"x\": 3820, \"y\": 2144}, {\"x\": 2017, \"y\": 2116}, {\"x\": 44, \"y\": 1769}]','2025-07-02 02:34:37','2025-07-02 02:34:37'),(22,24,'[{\"x\": 19, \"y\": 315}, {\"x\": 3817, \"y\": 1035}, {\"x\": 3808, \"y\": 2137}, {\"x\": 2054, \"y\": 2144}, {\"x\": 19, \"y\": 945}]','2025-07-02 02:35:12','2025-07-02 02:35:12'),(23,25,'[{\"x\": 14, \"y\": 660}, {\"x\": 3824, \"y\": 1685}, {\"x\": 3815, \"y\": 2144}, {\"x\": 1072, \"y\": 2139}, {\"x\": 5, \"y\": 1445}]','2025-07-02 02:36:01','2025-07-02 02:36:01'),(24,26,'[{\"x\": 14, \"y\": 1299}, {\"x\": 3822, \"y\": 1609}, {\"x\": 3829, \"y\": 2128}, {\"x\": 24, \"y\": 2135}]','2025-07-02 02:36:57','2025-07-02 02:36:57'),(25,28,'[{\"x\": 0, \"y\": 421}, {\"x\": 3834, \"y\": 1287}, {\"x\": 3810, \"y\": 2137}, {\"x\": 2005, \"y\": 2144}, {\"x\": -2, \"y\": 1033}]','2025-07-02 02:37:43','2025-07-02 02:37:43'),(26,29,'[{\"x\": 1086, \"y\": 891}, {\"x\": 3810, \"y\": 1593}, {\"x\": 3799, \"y\": 2139}, {\"x\": 2028, \"y\": 2153}, {\"x\": 253, \"y\": 954}]','2025-07-02 02:38:12','2025-07-02 02:38:12'),(27,29,'[{\"x\": 1086, \"y\": 891}, {\"x\": 3810, \"y\": 1593}, {\"x\": 3799, \"y\": 2139}, {\"x\": 2028, \"y\": 2153}, {\"x\": 253, \"y\": 954}]','2025-07-02 02:38:15','2025-07-02 02:38:15'),(28,30,'[{\"x\": 160, \"y\": 178}, {\"x\": 3817, \"y\": 1285}, {\"x\": 3796, \"y\": 2130}, {\"x\": 2037, \"y\": 2139}, {\"x\": 14, \"y\": 958}]','2025-07-02 02:38:52','2025-07-02 02:38:52'),(29,31,'[{\"x\": 31, \"y\": 732}, {\"x\": 3820, \"y\": 993}, {\"x\": 3799, \"y\": 2135}, {\"x\": 2667, \"y\": 2125}, {\"x\": 24, \"y\": 1301}]','2025-07-02 02:39:24','2025-07-02 02:39:24'),(30,32,'[{\"x\": 910, \"y\": 1074}, {\"x\": 274, \"y\": 1327}, {\"x\": 1956, \"y\": 2151}, {\"x\": 3808, \"y\": 2130}, {\"x\": 3799, \"y\": 1676}]','2025-07-02 02:40:02','2025-07-02 02:40:02'),(31,33,'[{\"x\": 12, \"y\": 1178}, {\"x\": 3299, \"y\": 542}, {\"x\": 3806, \"y\": 660}, {\"x\": 3824, \"y\": 2121}, {\"x\": 26, \"y\": 2130}]','2025-07-02 02:40:55','2025-07-02 02:40:55'),(32,34,'[{\"x\": 5, \"y\": 931}, {\"x\": 3725, \"y\": 952}, {\"x\": 3806, \"y\": 2121}, {\"x\": 54, \"y\": 2118}]','2025-07-02 02:42:18','2025-07-02 02:42:18'),(34,36,'[{\"x\": 0, \"y\": 1111}, {\"x\": 3435, \"y\": 820}, {\"x\": 3827, \"y\": 896}, {\"x\": 3838, \"y\": 2100}, {\"x\": 10, \"y\": 2144}]','2025-07-02 02:43:47','2025-07-02 02:43:47'),(36,38,'[{\"x\": 1274, \"y\": 1299}, {\"x\": 3829, \"y\": 1750}, {\"x\": 3822, \"y\": 2125}, {\"x\": 1741, \"y\": 2141}, {\"x\": 519, \"y\": 1491}]','2025-07-02 02:46:26','2025-07-02 02:46:26'),(37,39,'[{\"x\": 274, \"y\": 653}, {\"x\": 3817, \"y\": 947}, {\"x\": 3806, \"y\": 2139}, {\"x\": 5, \"y\": 1155}]','2025-07-02 02:48:10','2025-07-02 02:48:10'),(38,40,'[{\"x\": 627, \"y\": 934}, {\"x\": 3831, \"y\": 1501}, {\"x\": 3813, \"y\": 2142}, {\"x\": 1656, \"y\": 2110}, {\"x\": 48, \"y\": 1438}]','2025-07-02 02:50:10','2025-07-02 02:50:10'),(39,41,'[{\"x\": 182, \"y\": 609}, {\"x\": 3822, \"y\": 847}, {\"x\": 3815, \"y\": 2126}, {\"x\": 23, \"y\": 1322}]','2025-07-02 02:51:18','2025-07-02 02:51:18'),(40,43,'[{\"x\": 580, \"y\": 781}, {\"x\": 3750, \"y\": 1251}, {\"x\": 3727, \"y\": 2110}, {\"x\": 1763, \"y\": 2121}, {\"x\": 28, \"y\": 1374}]','2025-07-02 02:54:18','2025-07-02 02:54:18'),(41,44,'[{\"x\": 218, \"y\": 1081}, {\"x\": 3820, \"y\": 1728}, {\"x\": 3775, \"y\": 2135}, {\"x\": 645, \"y\": 2133}, {\"x\": 19, \"y\": 1824}]','2025-07-02 02:55:17','2025-07-02 02:55:17'),(43,46,'[{\"x\": 5, \"y\": 997}, {\"x\": 3829, \"y\": 1708}, {\"x\": 3809, \"y\": 2135}, {\"x\": 668, \"y\": 2142}, {\"x\": 12, \"y\": 1858}]','2025-07-02 02:58:31','2025-07-02 02:58:31'),(44,47,'[{\"x\": 3, \"y\": 1404}, {\"x\": 3818, \"y\": 1747}, {\"x\": 3804, \"y\": 2140}, {\"x\": 23, \"y\": 2137}]','2025-07-02 02:59:38','2025-07-02 02:59:38'),(45,48,'[{\"x\": 7, \"y\": 1442}, {\"x\": 3818, \"y\": 1018}, {\"x\": 3806, \"y\": 2140}, {\"x\": 23, \"y\": 2142}]','2025-07-02 03:00:18','2025-07-02 03:00:18'),(46,51,'[{\"x\": -2, \"y\": 1885}, {\"x\": 3829, \"y\": 1492}, {\"x\": 3822, \"y\": 2149}, {\"x\": 23, \"y\": 2121}]','2025-07-06 21:20:35','2025-07-06 21:20:35'),(47,52,'[{\"x\": 371, \"y\": 775}, {\"x\": 14, \"y\": 1061}, {\"x\": 2285, \"y\": 2160}, {\"x\": 3827, \"y\": 2149}, {\"x\": 3829, \"y\": 1410}]','2025-07-07 01:48:50','2025-07-07 01:48:50');
/*!40000 ALTER TABLE `crop_zones` ENABLE KEYS */;
UNLOCK TABLES;

--
-- Table structure for table `locations`
--

DROP TABLE IF EXISTS `locations`;
/*!40101 SET @saved_cs_client     = @@character_set_client */;
/*!50503 SET character_set_client = utf8mb4 */;
CREATE TABLE `locations` (
  `id` int NOT NULL AUTO_INCREMENT,
  `name` varchar(100) CHARACTER SET utf8mb4 COLLATE utf8mb4_general_ci NOT NULL,
  `code` varchar(50) CHARACTER SET utf8mb4 COLLATE utf8mb4_general_ci NOT NULL,
  `portal_name` varchar(100) CHARACTER SET utf8mb4 COLLATE utf8mb4_general_ci NOT NULL,
  `portal_password` varchar(100) CHARACTER SET utf8mb4 COLLATE utf8mb4_general_ci NOT NULL,
  `ip_schema` varchar(100) CHARACTER SET utf8mb4 COLLATE utf8mb4_general_ci NOT NULL,
  `parkonic_api_token` varchar(255) CHARACTER SET utf8mb4 COLLATE utf8mb4_general_ci DEFAULT NULL,
  `camera_user` varchar(100) CHARACTER SET utf8mb4 COLLATE utf8mb4_general_ci DEFAULT NULL,
  `camera_pass` varchar(100) CHARACTER SET utf8mb4 COLLATE utf8mb4_general_ci DEFAULT NULL,
  `parameters` longtext CHARACTER SET utf8mb4 COLLATE utf8mb4_bin,
  `created_at` timestamp NOT NULL DEFAULT CURRENT_TIMESTAMP,
  PRIMARY KEY (`id`),
  UNIQUE KEY `code` (`code`),
  CONSTRAINT `locations_chk_1` CHECK (json_valid(`parameters`))
) ENGINE=InnoDB AUTO_INCREMENT=3 DEFAULT CHARSET=utf8mb4 COLLATE=utf8mb4_general_ci;
/*!40101 SET character_set_client = @saved_cs_client */;

--
-- Dumping data for table `locations`
--

LOCK TABLES `locations` WRITE;
/*!40000 ALTER TABLE `locations` DISABLE KEYS */;
INSERT INTO `locations` VALUES (1,'Nad Al Hammar','NAD','nad_portal','nad_pass','192.168.169.1/255','eBOs11IDXwseQCb3bLvHxNv0Gx4HLC21Ub','admin','72756642@NAHSP196',NULL,'2025-06-03 07:58:00'),(2,'Dubai Harbour','DH','DubaiHarbour','#@Dev123','','','','',NULL,'2025-07-09 02:57:30');
/*!40000 ALTER TABLE `locations` ENABLE KEYS */;
UNLOCK TABLES;

--
-- Table structure for table `permissions`
--

DROP TABLE IF EXISTS `permissions`;
/*!40101 SET @saved_cs_client     = @@character_set_client */;
/*!50503 SET character_set_client = utf8mb4 */;
CREATE TABLE `permissions` (
  `id` int NOT NULL AUTO_INCREMENT,
  `name` varchar(50) CHARACTER SET utf8mb4 COLLATE utf8mb4_general_ci NOT NULL,
  `description` varchar(255) CHARACTER SET utf8mb4 COLLATE utf8mb4_general_ci DEFAULT NULL,
  PRIMARY KEY (`id`),
  UNIQUE KEY `name` (`name`)
) ENGINE=InnoDB AUTO_INCREMENT=4 DEFAULT CHARSET=utf8mb4 COLLATE=utf8mb4_general_ci;
/*!40101 SET character_set_client = @saved_cs_client */;

--
-- Dumping data for table `permissions`
--

LOCK TABLES `permissions` WRITE;
/*!40000 ALTER TABLE `permissions` DISABLE KEYS */;
INSERT INTO `permissions` VALUES (1,'manage_users',NULL),(2,'manage_roles',NULL),(3,'manage_permissions',NULL);
/*!40000 ALTER TABLE `permissions` ENABLE KEYS */;
UNLOCK TABLES;

--
-- Table structure for table `poles`
--

DROP TABLE IF EXISTS `poles`;
/*!40101 SET @saved_cs_client     = @@character_set_client */;
/*!50503 SET character_set_client = utf8mb4 */;
CREATE TABLE `poles` (
  `id` int NOT NULL AUTO_INCREMENT,
  `zone_id` int NOT NULL,
  `code` varchar(50) CHARACTER SET utf8mb4 COLLATE utf8mb4_general_ci NOT NULL,
  `location_id` int NOT NULL,
  `number_of_cameras` int DEFAULT '0',
  `server` varchar(100) CHARACTER SET utf8mb4 COLLATE utf8mb4_general_ci DEFAULT NULL,
  `router` varchar(100) CHARACTER SET utf8mb4 COLLATE utf8mb4_general_ci DEFAULT NULL,
  `router_ip` varchar(45) CHARACTER SET utf8mb4 COLLATE utf8mb4_general_ci DEFAULT NULL,
  `router_vpn_ip` varchar(45) CHARACTER SET utf8mb4 COLLATE utf8mb4_general_ci DEFAULT NULL,
  `location_coordinates` point DEFAULT NULL,
  `api_pole_id` int DEFAULT NULL,
  `name` varchar(255) CHARACTER SET utf8mb4 COLLATE utf8mb4_general_ci DEFAULT NULL,
  PRIMARY KEY (`id`),
  KEY `zone_id` (`zone_id`),
  KEY `location_id` (`location_id`),
  CONSTRAINT `poles_ibfk_1` FOREIGN KEY (`zone_id`) REFERENCES `zones` (`id`) ON DELETE CASCADE,
  CONSTRAINT `poles_ibfk_2` FOREIGN KEY (`location_id`) REFERENCES `locations` (`id`) ON DELETE CASCADE
) ENGINE=InnoDB AUTO_INCREMENT=3 DEFAULT CHARSET=utf8mb4 COLLATE=utf8mb4_general_ci;
/*!40101 SET character_set_client = @saved_cs_client */;

--
-- Dumping data for table `poles`
--

LOCK TABLES `poles` WRITE;
/*!40000 ALTER TABLE `poles` DISABLE KEYS */;
INSERT INTO `poles` VALUES (1,1,'P1',1,1,'server1','router1','192.168.100.10','10.0.0.10',NULL,NULL,NULL),(2,1,'P2',1,1,NULL,NULL,NULL,NULL,NULL,NULL,NULL);
/*!40000 ALTER TABLE `poles` ENABLE KEYS */;
UNLOCK TABLES;

--
-- Table structure for table `role_permissions`
--

DROP TABLE IF EXISTS `role_permissions`;
/*!40101 SET @saved_cs_client     = @@character_set_client */;
/*!50503 SET character_set_client = utf8mb4 */;
CREATE TABLE `role_permissions` (
  `role_id` int NOT NULL,
  `permission_id` int NOT NULL,
  PRIMARY KEY (`role_id`,`permission_id`),
  KEY `permission_id` (`permission_id`),
  CONSTRAINT `role_permissions_ibfk_1` FOREIGN KEY (`role_id`) REFERENCES `roles` (`id`) ON DELETE CASCADE,
  CONSTRAINT `role_permissions_ibfk_2` FOREIGN KEY (`permission_id`) REFERENCES `permissions` (`id`) ON DELETE CASCADE
) ENGINE=InnoDB DEFAULT CHARSET=utf8mb4 COLLATE=utf8mb4_general_ci;
/*!40101 SET character_set_client = @saved_cs_client */;

--
-- Dumping data for table `role_permissions`
--

LOCK TABLES `role_permissions` WRITE;
/*!40000 ALTER TABLE `role_permissions` DISABLE KEYS */;
INSERT INTO `role_permissions` VALUES (1,1),(1,2),(1,3);
/*!40000 ALTER TABLE `role_permissions` ENABLE KEYS */;
UNLOCK TABLES;

--
-- Table structure for table `roles`
--

DROP TABLE IF EXISTS `roles`;
/*!40101 SET @saved_cs_client     = @@character_set_client */;
/*!50503 SET character_set_client = utf8mb4 */;
CREATE TABLE `roles` (
  `id` int NOT NULL AUTO_INCREMENT,
  `name` varchar(50) CHARACTER SET utf8mb4 COLLATE utf8mb4_general_ci NOT NULL,
  `description` varchar(255) CHARACTER SET utf8mb4 COLLATE utf8mb4_general_ci DEFAULT NULL,
  PRIMARY KEY (`id`),
  UNIQUE KEY `name` (`name`)
) ENGINE=InnoDB AUTO_INCREMENT=2 DEFAULT CHARSET=utf8mb4 COLLATE=utf8mb4_general_ci;
/*!40101 SET character_set_client = @saved_cs_client */;

--
-- Dumping data for table `roles`
--

LOCK TABLES `roles` WRITE;
/*!40000 ALTER TABLE `roles` DISABLE KEYS */;
INSERT INTO `roles` VALUES (1,'admin','Super administrator role with full permissions');
/*!40000 ALTER TABLE `roles` ENABLE KEYS */;
UNLOCK TABLES;

--
-- Table structure for table `spots`
--

DROP TABLE IF EXISTS `spots`;
/*!40101 SET @saved_cs_client     = @@character_set_client */;
/*!50503 SET character_set_client = utf8mb4 */;
CREATE TABLE `spots` (
  `id` int NOT NULL AUTO_INCREMENT,
  `camera_id` int NOT NULL,
  `spot_number` int NOT NULL,
  `p1_x` int NOT NULL,
  `p1_y` int NOT NULL,
  `p2_x` int NOT NULL,
  `p2_y` int NOT NULL,
  `p3_x` int NOT NULL,
  `p3_y` int NOT NULL,
  `p4_x` int NOT NULL,
  `p4_y` int NOT NULL,
  `created_at` timestamp NOT NULL DEFAULT CURRENT_TIMESTAMP,
  `updated_at` timestamp NULL DEFAULT CURRENT_TIMESTAMP ON UPDATE CURRENT_TIMESTAMP,
  `status` tinyint(1) NOT NULL DEFAULT '0',
  PRIMARY KEY (`id`),
  KEY `camera_id` (`camera_id`),
  CONSTRAINT `spots_ibfk_1` FOREIGN KEY (`camera_id`) REFERENCES `cameras` (`id`) ON DELETE CASCADE
) ENGINE=InnoDB AUTO_INCREMENT=250 DEFAULT CHARSET=utf8mb4 COLLATE=utf8mb4_general_ci;
/*!40101 SET character_set_client = @saved_cs_client */;

--
-- Dumping data for table `spots`
--

LOCK TABLES `spots` WRITE;
/*!40000 ALTER TABLE `spots` DISABLE KEYS */;
INSERT INTO `spots` VALUES (9,7,1,1544,641,1850,687,1780,877,1399,787,'2025-06-23 23:37:10','2025-09-05 17:20:24',0),(10,7,2,1880,702,2231,757,2291,982,1815,882,'2025-06-23 23:37:30','2025-09-05 17:20:24',0),(11,7,3,2241,742,2637,807,2862,1077,2336,1017,'2025-06-23 23:37:53','2025-09-05 14:30:27',0),(12,7,4,2687,847,3183,917,3514,1258,2988,1168,'2025-06-23 23:38:07','2025-09-05 17:20:46',0),(13,7,5,3253,927,3544,972,3830,1173,3579,1273,'2025-06-23 23:38:24','2025-07-14 06:48:38',0),(14,8,1,2050,737,2476,762,2416,1103,1880,967,'2025-06-23 23:39:16','2025-09-14 22:34:21',0),(15,8,2,2519,737,3000,772,3161,1153,2454,1072,'2025-06-23 23:39:35','2025-09-15 04:57:45',1),(16,8,3,3055,797,3627,832,3832,1123,3241,1173,'2025-06-23 23:39:48','2025-09-08 05:16:33',0),(17,9,1,63,937,579,937,564,1353,-3,1248,'2025-06-23 23:41:45','2025-09-14 22:27:06',0),(18,9,2,609,877,1065,832,1346,1288,594,1348,'2025-06-23 23:41:57','2025-09-15 04:53:09',0),(19,9,3,1135,842,1667,802,2223,1263,1391,1323,'2025-06-23 23:42:14','2025-09-15 04:14:38',0),(20,9,4,1797,932,2504,887,3050,1158,2339,1283,'2025-06-23 23:42:26','2025-09-05 16:12:44',0),(21,10,1,318,200,865,256,639,667,118,581,'2025-06-23 23:43:24','2025-09-15 05:05:11',0),(22,10,2,905,256,1366,261,1346,717,674,657,'2025-06-23 23:43:37','2025-09-15 04:58:46',0),(23,10,3,1381,226,1882,246,2188,817,1376,757,'2025-06-23 23:43:49','2025-09-15 05:03:06',1),(24,10,4,1938,276,2564,306,3161,862,2248,817,'2025-06-23 23:44:02','2025-09-15 05:03:04',0),(29,13,1,679,667,1090,682,830,987,444,942,'2025-06-24 00:42:53','2025-09-05 13:56:03',0),(30,13,2,1125,682,1466,697,1331,1062,825,1017,'2025-06-24 00:43:09','2025-09-05 17:32:45',0),(31,13,3,1481,692,1867,702,1953,1133,1361,1067,'2025-06-24 00:43:26','2025-09-08 06:47:57',0),(32,13,4,1877,697,2359,707,2604,1077,1968,1083,'2025-06-24 00:44:06','2025-09-05 13:55:54',0),(33,13,5,2344,732,2855,722,3331,1143,2679,1148,'2025-06-24 00:44:38','2025-09-05 03:38:00',0),(34,13,6,2930,797,3477,797,3832,1093,3451,1198,'2025-06-24 00:44:59','2025-09-07 12:36:05',0),(42,18,1,719,1042,1115,1062,1156,1383,594,1313,'2025-06-24 01:03:40','2025-09-15 04:09:29',0),(43,18,2,1135,1047,1521,1067,1757,1393,1166,1368,'2025-06-24 01:03:52','2025-09-15 04:20:30',1),(44,18,3,1547,1088,1958,1098,2319,1368,1792,1418,'2025-06-24 01:04:09','2025-09-15 04:21:26',0),(45,18,4,2053,1128,2509,1158,3070,1453,2524,1483,'2025-06-24 01:04:25','2025-09-15 04:06:24',0),(46,18,5,2654,1238,3111,1243,3647,1463,3161,1488,'2025-06-24 01:04:41','2025-07-30 13:18:15',0),(47,20,1,8,1042,484,1022,1040,1443,158,1539,'2025-06-24 01:18:20','2025-09-15 05:00:36',1),(48,20,2,629,1083,1105,952,2053,1388,1351,1569,'2025-06-24 01:18:48','2025-09-15 05:04:57',1),(49,20,3,1406,1042,1917,962,2915,1288,2213,1423,'2025-06-24 01:19:21','2025-09-14 23:51:34',0),(56,22,1,810,336,1286,306,1140,631,604,616,'2025-06-24 02:08:38','2025-09-15 01:30:04',0),(57,22,2,1311,291,1862,256,1902,601,1196,571,'2025-06-24 02:08:56','2025-09-11 17:00:11',0),(58,22,3,1877,145,2449,90,2740,486,1943,526,'2025-06-24 02:09:14','2025-09-15 04:49:08',0),(59,22,4,2484,110,3186,70,3737,491,2895,652,'2025-06-24 02:09:44','2025-09-15 04:56:46',0),(76,29,1,2609,967,2840,1027,2469,1198,2263,1067,'2025-06-24 05:39:52','2025-07-13 22:15:01',0),(77,29,2,3000,927,3371,1037,2985,1283,2564,1158,'2025-06-24 05:40:10','2025-09-15 04:23:58',0),(78,30,1,2319,341,2850,441,2674,817,2053,636,'2025-06-24 05:47:38','2025-09-15 03:07:46',0),(79,30,2,2875,431,3446,566,3617,1083,2649,907,'2025-06-24 05:47:56','2025-09-15 04:15:29',0),(85,32,1,2018,1083,2283,1103,2063,1338,1782,1243,'2025-06-25 20:50:54','2025-08-28 22:38:49',0),(86,32,2,2309,1083,2654,1077,2549,1393,2123,1303,'2025-06-25 20:51:07','2025-09-15 01:43:50',0),(87,32,3,2654,1118,3050,1118,3121,1503,2569,1393,'2025-06-25 20:51:20','2025-09-11 17:14:41',0),(88,32,4,3070,1143,3497,1148,3787,1589,3136,1493,'2025-06-25 20:51:40','2025-09-15 02:00:29',0),(93,39,1,1707,486,2093,491,2078,782,1607,722,'2025-06-26 01:37:18','2025-06-26 01:37:18',0),(94,39,2,2093,461,2474,441,2715,837,2098,772,'2025-06-26 01:37:35','2025-06-26 01:37:35',0),(95,39,3,2544,521,2980,546,3386,872,2730,842,'2025-06-26 01:37:56','2025-06-26 01:37:56',0),(96,39,4,3050,576,3517,601,3832,797,3517,932,'2025-06-26 01:38:18','2025-06-26 01:38:18',0),(97,40,1,1120,782,1381,812,1045,1047,790,937,'2025-06-28 01:47:14','2025-07-14 18:23:04',0),(98,40,2,1376,787,1762,847,1471,1123,1035,1057,'2025-06-28 01:47:40','2025-07-15 11:25:07',0),(99,40,3,1757,852,2133,867,2003,1218,1476,1133,'2025-06-28 01:48:03','2025-07-15 18:24:32',1),(100,40,4,2133,877,2549,892,2659,1323,2033,1218,'2025-06-28 01:48:20','2025-07-15 18:53:58',0),(101,40,5,2564,927,3015,917,3381,1413,2690,1363,'2025-06-28 01:48:43','2025-07-15 18:59:33',0),(102,40,6,3116,1017,3602,1037,3822,1433,3537,1549,'2025-06-28 01:49:03','2025-07-15 12:05:19',0),(103,41,1,1055,371,1406,356,1171,662,785,576,'2025-06-28 02:02:23','2025-08-27 10:44:09',0),(104,41,2,1416,356,1822,351,1742,687,1201,626,'2025-06-28 02:02:36','2025-09-15 03:14:06',0),(105,41,3,1817,351,2273,336,2394,702,1747,662,'2025-06-28 02:02:51','2025-09-15 04:07:26',0),(106,41,4,2263,311,2780,326,3196,772,2434,727,'2025-06-28 02:03:09','2025-09-15 04:14:48',0),(107,41,5,2820,341,3336,306,3817,687,3301,832,'2025-06-28 02:03:26','2025-09-15 03:14:06',0),(108,42,1,288,1072,764,967,1602,1283,1075,1488,'2025-06-28 02:10:35','2025-06-28 02:10:35',0),(109,42,2,1150,1052,1577,947,2529,1223,2033,1383,'2025-06-28 02:11:16','2025-06-28 02:11:16',0),(110,42,3,2053,1002,2389,967,3341,1183,2890,1298,'2025-06-28 02:11:44','2025-06-28 02:11:44',0),(111,42,4,2293,927,3045,792,3822,1012,3582,1178,'2025-06-28 02:12:11','2025-06-28 02:12:11',0),(112,43,1,1637,601,2038,646,1622,942,1251,877,'2025-06-28 02:18:09','2025-09-15 04:21:03',0),(113,43,2,2008,636,2479,707,2008,1098,1597,942,'2025-06-28 02:18:57','2025-09-15 04:07:19',0),(114,43,3,2439,747,2900,792,2674,1213,2043,1083,'2025-06-28 02:19:15','2025-09-08 10:00:12',0),(115,43,4,2915,782,3482,847,3472,1283,2705,1168,'2025-06-28 02:19:31','2025-09-15 02:15:47',1),(116,44,1,629,972,1065,1037,564,1278,223,1183,'2025-06-29 21:05:23','2025-09-15 03:37:41',0),(117,44,2,1140,1062,1491,1088,990,1348,614,1273,'2025-06-29 21:05:40','2025-07-14 04:16:25',0),(118,44,3,1501,1037,1958,1042,1436,1468,980,1353,'2025-06-29 21:06:01','2025-09-06 01:28:04',0),(119,44,4,1928,1052,2419,1088,2103,1569,1476,1448,'2025-06-29 21:06:14','2025-09-11 22:08:06',0),(120,44,5,2374,1113,2870,1158,2880,1709,2098,1594,'2025-06-29 21:06:27','2025-09-11 16:21:10',0),(121,44,6,2885,1168,3451,1188,3807,1849,2890,1739,'2025-06-29 21:06:43','2025-09-15 04:05:16',0),(122,4,1,1023,907,1464,922,1238,1373,687,1223,'2025-06-29 21:15:26','2025-09-05 19:01:05',0),(123,4,2,1486,937,1953,982,1968,1498,1251,1398,'2025-06-29 21:15:54','2025-09-08 04:36:41',0),(124,4,3,1958,947,2439,927,2820,1584,1993,1478,'2025-06-29 21:16:23','2025-09-11 16:24:46',0),(125,4,4,2519,1077,3141,1062,3782,1704,2875,1634,'2025-06-29 21:16:55','2025-09-15 04:10:36',0),(126,5,1,8,902,288,872,950,1348,178,1423,'2025-06-29 21:19:06','2025-09-15 04:10:36',0),(127,5,2,333,887,930,827,1897,1338,1090,1393,'2025-06-29 21:19:24','2025-09-15 05:05:23',0),(128,5,3,1025,857,1526,847,2609,1278,1953,1338,'2025-06-29 21:19:43','2025-06-29 21:19:43',0),(129,5,4,1677,852,2178,857,3196,1233,2720,1288,'2025-06-29 21:20:05','2025-06-29 21:20:05',0),(130,5,5,2469,912,3055,892,3822,1188,3607,1318,'2025-06-29 21:20:19','2025-06-29 21:20:19',0),(132,6,1,43,1022,669,942,1311,1413,348,1408,'2025-06-29 21:22:39','2025-09-15 04:03:12',0),(133,6,2,689,922,1291,937,2243,1318,1276,1373,'2025-06-29 21:23:11','2025-09-07 19:00:09',0),(134,6,3,1301,922,2008,902,3136,1243,2424,1373,'2025-06-29 21:23:32','2025-09-07 11:21:41',0),(135,6,4,1983,912,2735,792,3757,1148,3266,1293,'2025-06-29 21:24:04','2025-09-15 01:49:02',0),(136,14,1,303,446,905,446,734,922,13,792,'2025-06-29 21:31:30','2025-09-04 12:38:28',0),(137,14,2,845,441,1496,461,1647,1002,689,957,'2025-06-29 21:31:47','2025-09-04 16:06:52',0),(138,14,3,1476,451,2133,446,2619,992,1622,982,'2025-06-29 21:32:02','2025-09-15 01:23:05',0),(139,14,4,2113,446,2870,476,3682,1027,2745,1067,'2025-06-29 21:32:18','2025-09-04 23:35:19',0),(142,16,3,1562,396,2043,466,1692,932,1080,772,'2025-06-29 21:34:31','2025-09-15 04:11:21',0),(143,16,4,2033,476,2574,576,2529,1052,1712,907,'2025-06-29 21:34:41','2025-09-03 14:02:47',0),(144,16,2,1191,276,1587,376,1050,757,614,611,'2025-06-29 21:35:02','2025-09-14 22:43:59',0),(145,16,1,845,271,1130,291,624,621,243,516,'2025-06-29 21:37:11','2025-09-11 14:47:51',0),(146,17,1,459,406,1110,436,1832,1098,790,1057,'2025-06-29 21:41:41','2025-09-15 01:12:34',0),(147,17,2,1206,486,1963,576,2995,1288,1968,1228,'2025-06-29 21:41:55','2025-09-15 02:03:06',0),(148,17,3,1998,581,2810,682,3817,1318,3331,1493,'2025-06-29 21:42:09','2025-08-30 22:48:14',0),(149,19,1,1892,1022,2208,1093,1852,1428,1466,1293,'2025-06-29 21:44:56','2025-09-15 03:56:21',0),(150,19,2,2278,1088,2659,1178,2399,1609,1857,1433,'2025-06-29 21:45:13','2025-09-15 04:16:39',0),(151,19,3,2674,1183,3121,1268,3131,1804,2409,1584,'2025-06-29 21:45:34','2025-09-15 04:09:28',0),(152,19,4,3126,1248,3697,1368,3827,1869,3126,1769,'2025-06-29 21:45:50','2025-09-15 03:23:15',1),(153,21,1,1145,456,1506,491,1281,847,820,782,'2025-06-29 21:49:18','2025-09-15 03:13:55',0),(154,21,2,1486,476,1948,496,1897,897,1291,847,'2025-06-29 21:49:32','2025-09-14 22:08:54',0),(155,21,3,1917,501,2379,516,2669,1047,1923,962,'2025-06-29 21:49:45','2025-09-08 04:33:49',0),(156,21,4,2394,511,2875,511,3411,1027,2690,1032,'2025-06-29 21:50:02','2025-09-07 17:26:50',0),(157,21,5,2995,571,3597,586,3827,1077,3522,1093,'2025-06-29 21:50:27','2025-09-14 22:20:05',0),(165,25,5,2574,822,3070,927,2795,1473,2153,1268,'2025-06-29 22:07:15','2025-09-15 04:59:52',0),(166,25,6,3025,922,3647,1032,3732,1689,2795,1453,'2025-06-29 22:07:39','2025-09-15 05:00:13',0),(167,26,1,1045,1052,1176,1032,805,1368,559,1323,'2025-06-29 22:09:46','2025-07-16 14:23:07',0),(168,26,2,1301,987,1617,987,1140,1408,865,1348,'2025-06-29 22:09:59','2025-09-15 01:34:37',0),(169,26,3,1592,987,2048,997,1577,1403,1181,1353,'2025-06-29 22:10:16','2025-09-15 05:03:52',0),(170,45,1,378,1674,980,1669,865,2105,143,2040,'2025-06-29 22:14:37','2025-09-15 04:43:04',0),(171,45,2,975,1654,1537,1614,1752,2135,895,2085,'2025-06-29 22:14:49','2025-09-15 05:02:48',0),(172,45,3,1552,1599,2133,1564,2735,2090,1762,2090,'2025-06-29 22:15:02','2025-09-15 04:58:56',0),(173,45,4,2203,1584,2965,1559,3777,2070,2765,2105,'2025-06-29 22:15:14','2025-09-15 04:55:11',0),(177,31,1,1577,566,1923,556,1476,857,1181,797,'2025-06-29 22:26:41','2025-09-04 07:47:50',0),(178,31,2,1877,556,2253,566,1892,882,1441,857,'2025-06-29 22:27:01','2025-09-15 01:54:08',0),(179,31,3,2238,536,2679,536,2434,942,1877,907,'2025-06-29 22:27:17','2025-09-15 02:55:56',0),(180,31,4,2684,531,3171,521,3141,1022,2424,952,'2025-06-29 22:27:41','2025-09-15 04:54:37',0),(181,31,5,3171,531,3772,531,3822,1022,3141,1012,'2025-06-29 22:28:01','2025-09-15 04:05:51',0),(182,46,1,739,802,1060,872,504,1123,238,987,'2025-06-29 22:29:44','2025-08-07 11:09:13',0),(183,46,2,1025,847,1426,897,920,1208,499,1113,'2025-06-29 22:30:00','2025-09-04 00:11:20',0),(184,46,3,1446,867,1877,892,1486,1273,960,1183,'2025-06-29 22:30:18','2025-09-01 03:55:27',0),(185,47,1,373,1118,950,1133,1191,1604,308,1498,'2025-06-29 22:42:07','2025-09-15 02:21:43',0),(186,47,2,920,1123,1567,1133,2163,1629,1221,1624,'2025-06-29 22:42:29','2025-09-15 03:22:32',0),(187,47,3,1627,1203,2369,1233,3201,1714,2223,1724,'2025-06-29 22:42:54','2025-09-06 22:47:51',0),(188,47,4,2359,1238,3070,1248,3817,1599,3236,1704,'2025-06-29 22:43:14','2025-06-29 22:43:14',0),(193,33,1,8,962,338,692,960,1062,98,1193,'2025-06-29 23:11:18','2025-09-09 16:48:16',0),(194,33,2,404,697,955,556,1772,852,975,1067,'2025-06-29 23:11:35','2025-09-15 04:15:27',0),(195,33,3,1015,596,1587,441,2705,717,1902,887,'2025-06-29 23:11:56','2025-09-15 02:54:01',0),(196,33,4,1682,431,2329,291,3441,471,2850,722,'2025-06-29 23:12:06','2025-09-07 14:53:50',0),(197,34,1,128,631,609,621,759,977,38,937,'2025-06-29 23:22:52','2025-09-07 13:01:19',0),(198,34,2,594,616,1110,586,1521,982,754,997,'2025-06-29 23:23:09','2025-09-15 01:57:59',0),(199,34,3,1060,601,1622,596,2298,987,1516,997,'2025-06-29 23:23:30','2025-09-15 01:35:09',0),(200,34,4,1617,606,2143,606,3035,987,2404,1042,'2025-06-29 23:23:52','2025-09-15 04:35:30',0),(201,34,5,2178,606,2695,566,3592,952,3121,1007,'2025-06-29 23:24:17','2025-09-08 02:38:18',0),(202,35,1,790,1243,1336,1303,945,1669,439,1589,'2025-06-29 23:27:31','2025-09-15 04:28:01',0),(203,35,2,1351,1268,1817,1293,1587,1779,985,1654,'2025-06-29 23:27:45','2025-09-15 01:10:08',0),(204,35,3,1842,1288,2389,1303,2434,1869,1582,1789,'2025-06-29 23:28:00','2025-09-15 05:04:43',1),(205,35,4,2364,1288,2970,1273,3457,1914,2414,1844,'2025-06-29 23:28:16','2025-09-15 04:38:21',0),(209,49,1,439,932,1025,927,895,1368,208,1303,'2025-07-02 22:15:38','2025-09-09 19:46:22',0),(210,49,2,1000,877,1582,782,1727,1308,890,1353,'2025-07-02 22:15:55','2025-09-15 02:14:25',0),(211,49,3,1587,827,2253,797,2735,1288,1757,1363,'2025-07-02 22:16:14','2025-09-15 03:38:34',0),(212,49,4,2243,797,2910,727,3797,1213,2835,1353,'2025-07-02 22:16:55','2025-09-09 02:03:01',0),(213,50,1,529,140,825,150,469,536,118,471,'2025-07-02 22:26:22','2025-09-07 13:55:43',0),(214,50,2,905,145,1296,200,890,596,499,521,'2025-07-02 22:26:39','2025-09-15 03:52:10',0),(215,50,3,1331,175,1792,195,1496,697,875,611,'2025-07-02 22:26:59','2025-09-15 03:52:26',0),(216,50,4,1797,200,2359,246,2319,747,1557,697,'2025-07-02 22:27:17','2025-09-07 18:48:47',0),(217,50,5,2364,195,3050,175,3281,832,2314,772,'2025-07-02 22:27:37','2025-09-05 22:07:09',0),(218,51,1,173,1488,704,1388,1511,1709,734,1849,'2025-07-06 21:14:05','2025-09-08 04:39:58',0),(219,51,2,960,1428,1441,1388,2459,1664,1958,1829,'2025-07-06 21:17:12','2025-07-06 21:17:12',0),(220,51,3,1476,1398,2073,1328,3472,1624,2910,1739,'2025-07-06 21:17:27','2025-07-06 21:17:27',0),(221,51,4,2123,1328,2604,1288,3627,1468,3386,1599,'2025-07-06 21:17:43','2025-07-06 21:17:43',0),(222,38,1,183,757,574,777,539,1233,3,1077,'2025-07-07 00:47:03','2025-09-14 23:47:55',0),(223,38,2,579,782,1040,802,1301,1293,549,1223,'2025-07-07 00:47:41','2025-09-14 23:45:03',0),(224,38,3,1040,812,1531,832,2128,1348,1296,1303,'2025-07-07 00:48:24','2025-09-06 22:52:47',0),(225,38,4,1542,837,2048,832,3010,1408,2188,1378,'2025-07-07 00:49:16','2025-08-30 11:33:05',0),(226,38,5,2108,882,2674,912,3742,1393,3151,1478,'2025-07-07 00:49:37','2025-08-12 08:01:20',0),(227,52,1,2093,652,2439,677,1988,997,1612,932,'2025-07-07 01:44:58','2025-07-15 19:11:47',0),(228,52,2,2434,672,2850,707,2469,1072,2043,952,'2025-07-07 01:45:19','2025-09-15 00:28:55',0),(229,52,3,2830,722,3286,767,3121,1203,2464,1077,'2025-07-07 01:45:41','2025-08-08 09:43:49',0),(230,52,4,3296,747,3111,1233,3827,1333,3817,747,'2025-07-07 01:46:02','2025-08-29 19:54:35',0),(231,25,1,985,581,1130,611,1035,772,810,777,'2025-07-07 03:31:06','2025-08-14 21:18:04',0),(232,25,2,1341,626,1486,672,1391,902,1035,867,'2025-07-07 03:31:35','2025-09-14 22:23:14',0),(233,25,3,1587,641,1897,707,1752,1022,1446,922,'2025-07-07 03:32:06','2025-09-15 05:03:10',1),(234,25,4,2068,707,2449,897,2213,1173,1782,1022,'2025-07-07 03:32:45','2025-09-15 04:53:10',0),(235,36,1,13,817,479,722,1015,1093,258,1258,'2025-07-14 20:42:12','2025-09-15 04:56:40',1),(236,36,2,940,1042,469,687,1216,581,1817,942,'2025-07-14 20:42:38','2025-09-15 04:54:27',1),(237,36,3,1441,626,2208,561,3206,832,2153,1032,'2025-07-14 20:43:02','2025-09-15 04:55:26',1),(239,28,2,2424,646,2705,692,2534,822,2203,762,'2025-07-23 22:51:46','2025-07-23 22:51:46',0),(240,28,1,2013,516,2258,596,2023,737,1797,712,'2025-07-23 22:53:22','2025-08-07 20:33:29',0),(241,28,3,3070,722,3562,822,3482,1062,2880,897,'2025-07-23 22:54:00','2025-07-23 22:54:00',0),(242,24,1,1943,266,2123,301,1912,496,1627,471,'2025-07-23 22:57:31','2025-07-29 13:14:03',0),(244,24,3,2890,401,3467,471,3296,717,2664,596,'2025-07-23 22:59:52','2025-07-23 22:59:52',0),(245,24,2,2208,226,2569,396,2324,531,2023,511,'2025-07-23 23:00:42','2025-09-15 04:50:25',0),(246,48,1,15,986,365,951,807,1102,265,1172,'2025-08-26 21:45:05','2025-08-26 21:45:05',0),(247,48,2,496,941,982,911,1428,1037,917,1092,'2025-08-26 21:45:18','2025-08-26 21:45:18',0),(248,48,3,1218,926,1609,891,2050,986,1649,1047,'2025-08-26 21:45:32','2025-08-26 21:45:32',0),(249,48,4,1899,936,2561,1062,2757,966,2265,851,'2025-08-26 21:46:01','2025-08-26 21:46:01',0);
/*!40000 ALTER TABLE `spots` ENABLE KEYS */;
UNLOCK TABLES;

--
-- Table structure for table `user_roles`
--

DROP TABLE IF EXISTS `user_roles`;
/*!40101 SET @saved_cs_client     = @@character_set_client */;
/*!50503 SET character_set_client = utf8mb4 */;
CREATE TABLE `user_roles` (
  `user_id` int NOT NULL,
  `role_id` int NOT NULL,
  PRIMARY KEY (`user_id`,`role_id`),
  KEY `role_id` (`role_id`),
  CONSTRAINT `user_roles_ibfk_1` FOREIGN KEY (`user_id`) REFERENCES `users` (`id`) ON DELETE CASCADE,
  CONSTRAINT `user_roles_ibfk_2` FOREIGN KEY (`role_id`) REFERENCES `roles` (`id`) ON DELETE CASCADE
) ENGINE=InnoDB DEFAULT CHARSET=utf8mb4 COLLATE=utf8mb4_general_ci;
/*!40101 SET character_set_client = @saved_cs_client */;

--
-- Dumping data for table `user_roles`
--

LOCK TABLES `user_roles` WRITE;
/*!40000 ALTER TABLE `user_roles` DISABLE KEYS */;
INSERT INTO `user_roles` VALUES (1,1);
/*!40000 ALTER TABLE `user_roles` ENABLE KEYS */;
UNLOCK TABLES;

--
-- Table structure for table `users`
--

DROP TABLE IF EXISTS `users`;
/*!40101 SET @saved_cs_client     = @@character_set_client */;
/*!50503 SET character_set_client = utf8mb4 */;
CREATE TABLE `users` (
  `id` int NOT NULL AUTO_INCREMENT,
  `username` varchar(50) CHARACTER SET utf8mb4 COLLATE utf8mb4_general_ci NOT NULL,
  `hashed_password` varchar(128) CHARACTER SET utf8mb4 COLLATE utf8mb4_general_ci NOT NULL,
  `created_at` timestamp NOT NULL DEFAULT CURRENT_TIMESTAMP,
  PRIMARY KEY (`id`),
  UNIQUE KEY `username` (`username`)
) ENGINE=InnoDB AUTO_INCREMENT=3 DEFAULT CHARSET=utf8mb4 COLLATE=utf8mb4_general_ci;
/*!40101 SET character_set_client = @saved_cs_client */;

--
-- Dumping data for table `users`
--

LOCK TABLES `users` WRITE;
/*!40000 ALTER TABLE `users` DISABLE KEYS */;
INSERT INTO `users` VALUES (1,'admin','$2b$12$97EZAeZwGMP6p2H8ZiR7.OAQKgBLCB7Li4aCY8uCGzSr3qq.IOpHq','2025-06-23 03:47:02'),(2,'junaid','$2b$12$97EZAeZwGMP6p2H8ZiR7.OAQKgBLCB7Li4aCY8uCGzSr3qq.IOpHq','2025-06-30 00:58:47');
/*!40000 ALTER TABLE `users` ENABLE KEYS */;
UNLOCK TABLES;

--
-- Table structure for table `zones`
--

DROP TABLE IF EXISTS `zones`;
/*!40101 SET @saved_cs_client     = @@character_set_client */;
/*!50503 SET character_set_client = utf8mb4 */;
CREATE TABLE `zones` (
  `id` int NOT NULL AUTO_INCREMENT,
  `code` varchar(50) CHARACTER SET utf8mb4 COLLATE utf8mb4_general_ci NOT NULL,
  `parameters` longtext CHARACTER SET utf8mb4 COLLATE utf8mb4_bin,
  `location_id` int NOT NULL,
  PRIMARY KEY (`id`),
  KEY `location_id` (`location_id`),
  CONSTRAINT `zones_ibfk_1` FOREIGN KEY (`location_id`) REFERENCES `locations` (`id`) ON DELETE CASCADE,
  CONSTRAINT `zones_chk_1` CHECK (json_valid(`parameters`))
) ENGINE=InnoDB AUTO_INCREMENT=2 DEFAULT CHARSET=utf8mb4 COLLATE=utf8mb4_general_ci;
/*!40101 SET character_set_client = @saved_cs_client */;

--
-- Dumping data for table `zones`
--

LOCK TABLES `zones` WRITE;
/*!40000 ALTER TABLE `zones` DISABLE KEYS */;
INSERT INTO `zones` VALUES (1,'Z1',NULL,1);
/*!40000 ALTER TABLE `zones` ENABLE KEYS */;
UNLOCK TABLES;
/*!40103 SET TIME_ZONE=@OLD_TIME_ZONE */;

/*!40101 SET SQL_MODE=@OLD_SQL_MODE */;
/*!40014 SET FOREIGN_KEY_CHECKS=@OLD_FOREIGN_KEY_CHECKS */;
/*!40014 SET UNIQUE_CHECKS=@OLD_UNIQUE_CHECKS */;
/*!40101 SET CHARACTER_SET_CLIENT=@OLD_CHARACTER_SET_CLIENT */;
/*!40101 SET CHARACTER_SET_RESULTS=@OLD_CHARACTER_SET_RESULTS */;
/*!40101 SET COLLATION_CONNECTION=@OLD_COLLATION_CONNECTION */;
/*!40111 SET SQL_NOTES=@OLD_SQL_NOTES */;

-- Dump completed on 2025-09-15 17:45:45
